<?xml version="1.0" encoding="UTF-8"?>
<!DOCTYPE suite SYSTEM "http://testng.org/testng-1.0.dtd">
<suite thread-count="1" name="Suite" parallel="none"
	preserve-order="true">
	<test name="Test1">
		<classes>
			<class name="actions.LoginTestSuite" />
		</classes>
	</test>
	<test name="Test2">
		<classes>
			<class name="actions.HomeScreenTestSuite" />
		</classes>
	</test> 
	
<!-- 	 <test name="Test3">
		<classes>
			<class name="actions.ProfilePageTestSuite" />
		</classes>
	</test> 
	<test name="Test4">
		<classes>
			<class name="actions.SavedPaymentSuite" />
		</classes>
	</test> 
	
	 <test name="Test5" >
    <classes>
       <class name="actions.SearchFieldTestSuite">
        <methods>
        <include name="verifyQROptionIsPresentWhenPayingFromSavedPaymentAirtime" />
      </methods>
       </class>
    </classes>
  </test>
  
	<test name="Test6">
		<classes>
			<class name="actions.OTPTestSuite" />
		</classes>
	</test> -->
</suite>